schema,class,fragment,type,status,compilation,first_error,timestamp
jansi.src.main.org.fusesource.jansi.Ansi,27-973:Ansi,29-29:FIRST_ESC_CHAR,field,attempted,success,,2026-06-18T20:39:34.638871
jansi.src.main.org.fusesource.jansi.Ansi,27-973:Ansi,30-30:SECOND_ESC_CHAR,field,attempted,success,,2026-06-18T20:39:34.686751
jansi.src.main.org.fusesource.jansi.Ansi,27-973:Ansi,157-157:DISABLE,field,attempted,success,,2026-06-18T20:39:34.743187
jansi.src.main.org.fusesource.jansi.Ansi,27-973:Ansi,159-159:detector,field,attempted,success,,2026-06-18T20:39:34.806646
jansi.src.main.org.fusesource.jansi.Ansi,27-973:Ansi,174-179:holder,field,attempted,success,,2026-06-18T20:39:34.865962
jansi.src.main.org.fusesource.jansi.Ansi,27-973:Ansi,373-373:builder,field,attempted,success,,2026-06-18T20:39:34.948158
jansi.src.main.org.fusesource.jansi.Ansi,27-973:Ansi,374-374:attributeOptions,field,attempted,success,,2026-06-18T20:39:35.019910
jansi.src.main.org.fusesource.jansi.Ansi,27-973:Ansi,161-164:setDetector,method,attempted,error,Compilation failed: --- cjc stderr ---,2026-06-18T20:39:46.924112
jansi.src.main.org.fusesource.jansi.Ansi,27-973:Ansi,166-172:isDetected,method,completed,success,Compilation successful,2026-06-18T20:39:55.197730
jansi.src.main.org.fusesource.jansi.Ansi,27-973:Ansi,181-183:setEnabled,method,completed,success,Compilation successful,2026-06-18T20:40:04.704686
jansi.src.main.org.fusesource.jansi.AnsiColors,23-37:AnsiColors,24-24:Colors16,field,attempted,success,,2026-06-18T19:39:42.038837
jansi.src.main.org.fusesource.jansi.AnsiColors,23-37:AnsiColors,25-25:Colors256,field,attempted,success,,2026-06-18T19:39:42.061798
jansi.src.main.org.fusesource.jansi.AnsiColors,23-37:AnsiColors,26-26:TrueColor,field,attempted,success,,2026-06-18T19:39:42.086812
jansi.src.main.org.fusesource.jansi.AnsiColors,23-37:AnsiColors,28-28:description,field,attempted,success,,2026-06-18T19:39:42.114592
jansi.src.main.org.fusesource.jansi.AnsiColors,23-37:AnsiColors,30-32:AnsiColors,method,completed,success,Compilation successful,2026-06-18T19:39:51.018215
jansi.src.main.org.fusesource.jansi.AnsiColors,23-37:AnsiColors,34-36:getDescription,method,completed,success,Compilation successful,2026-06-18T19:39:59.432491
jansi.src.main.org.fusesource.jansi.AnsiConsole,61-568:AnsiConsole,69-69:JANSI_MODE,field,attempted,success,,2026-06-18T19:46:39.185931
jansi.src.main.org.fusesource.jansi.AnsiConsole,61-568:AnsiConsole,73-73:JANSI_OUT_MODE,field,attempted,success,,2026-06-18T19:46:39.225766
jansi.src.main.org.fusesource.jansi.AnsiConsole,61-568:AnsiConsole,77-77:JANSI_ERR_MODE,field,attempted,success,,2026-06-18T19:46:39.264784
jansi.src.main.org.fusesource.jansi.AnsiConsole,61-568:AnsiConsole,82-82:JANSI_MODE_STRIP,field,attempted,success,,2026-06-18T19:46:39.303138
jansi.src.main.org.fusesource.jansi.AnsiConsole,61-568:AnsiConsole,86-86:JANSI_MODE_FORCE,field,attempted,success,,2026-06-18T19:46:39.340775
jansi.src.main.org.fusesource.jansi.AnsiConsole,61-568:AnsiConsole,90-90:JANSI_MODE_DEFAULT,field,attempted,success,,2026-06-18T19:46:39.379955
jansi.src.main.org.fusesource.jansi.AnsiConsole,61-568:AnsiConsole,98-98:JANSI_COLORS,field,attempted,success,,2026-06-18T19:46:39.417275
jansi.src.main.org.fusesource.jansi.AnsiConsole,61-568:AnsiConsole,102-102:JANSI_OUT_COLORS,field,attempted,success,,2026-06-18T19:46:39.455778
jansi.src.main.org.fusesource.jansi.AnsiConsole,61-568:AnsiConsole,106-106:JANSI_ERR_COLORS,field,attempted,success,,2026-06-18T19:46:39.495852
jansi.src.main.org.fusesource.jansi.AnsiConsole,61-568:AnsiConsole,112-112:JANSI_COLORS_16,field,attempted,success,,2026-06-18T19:46:39.534228
jansi.src.main.org.fusesource.jansi.AnsiConsole,61-568:AnsiConsole,117-117:JANSI_COLORS_256,field,attempted,success,,2026-06-18T19:46:39.573062
jansi.src.main.org.fusesource.jansi.AnsiConsole,61-568:AnsiConsole,121-121:JANSI_COLORS_TRUECOLOR,field,attempted,success,,2026-06-18T19:46:39.610671
jansi.src.main.org.fusesource.jansi.AnsiConsole,61-568:AnsiConsole,129-130:JANSI_PASSTHROUGH,field,attempted,success,,2026-06-18T19:46:39.649205
jansi.src.main.org.fusesource.jansi.AnsiConsole,61-568:AnsiConsole,137-138:JANSI_STRIP,field,attempted,success,,2026-06-18T19:46:39.687921
jansi.src.main.org.fusesource.jansi.AnsiConsole,61-568:AnsiConsole,147-148:JANSI_FORCE,field,attempted,success,,2026-06-18T19:46:39.726718
jansi.src.main.org.fusesource.jansi.AnsiConsole,61-568:AnsiConsole,157-158:JANSI_EAGER,field,attempted,success,,2026-06-18T19:46:39.766228
jansi.src.main.org.fusesource.jansi.AnsiConsole,61-568:AnsiConsole,163-163:JANSI_NORESET,field,attempted,success,,2026-06-18T19:46:39.804827
jansi.src.main.org.fusesource.jansi.AnsiConsole,61-568:AnsiConsole,169-169:JANSI_GRACEFUL,field,attempted,success,,2026-06-18T19:46:39.846618
jansi.src.main.org.fusesource.jansi.AnsiConsole,61-568:AnsiConsole,174-175:system_out,field,attempted,success,,2026-06-18T19:46:39.887246
jansi.src.main.org.fusesource.jansi.AnsiConsole,61-568:AnsiConsole,179-180:out,field,attempted,success,,2026-06-18T19:46:39.932884
jansi.src.main.org.fusesource.jansi.AnsiConsole,61-568:AnsiConsole,184-185:system_err,field,attempted,success,,2026-06-18T19:46:39.970164
jansi.src.main.org.fusesource.jansi.AnsiConsole,61-568:AnsiConsole,189-190:err,field,attempted,success,,2026-06-18T19:46:40.007434
jansi.src.main.org.fusesource.jansi.AnsiConsole,61-568:AnsiConsole,206-207:IS_WINDOWS,field,attempted,success,,2026-06-18T19:46:40.039521
jansi.src.main.org.fusesource.jansi.AnsiConsole,61-568:AnsiConsole,209-210:IS_CYGWIN,field,attempted,success,,2026-06-18T19:46:40.071570
jansi.src.main.org.fusesource.jansi.AnsiConsole,61-568:AnsiConsole,212-215:IS_MSYSTEM,field,attempted,success,,2026-06-18T19:46:40.104395
jansi.src.main.org.fusesource.jansi.AnsiConsole,61-568:AnsiConsole,217-217:IS_CONEMU,field,attempted,success,,2026-06-18T19:46:40.136647
jansi.src.main.org.fusesource.jansi.AnsiConsole,61-568:AnsiConsole,219-219:ENABLE_VIRTUAL_TERMINAL_PROCESSING,field,attempted,success,,2026-06-18T19:46:40.169469
jansi.src.main.org.fusesource.jansi.AnsiConsole,61-568:AnsiConsole,221-221:STDOUT_FILENO,field,attempted,success,,2026-06-18T19:46:40.202283
jansi.src.main.org.fusesource.jansi.AnsiConsole,61-568:AnsiConsole,223-223:STDERR_FILENO,field,attempted,success,,2026-06-18T19:46:40.235750
jansi.src.main.org.fusesource.jansi.AnsiConsole,61-568:AnsiConsole,231-231:initialized,field,attempted,success,,2026-06-18T19:46:40.268474
jansi.src.main.org.fusesource.jansi.AnsiConsole,61-568:AnsiConsole,232-232:installed,field,attempted,success,,2026-06-18T19:46:40.301185
jansi.src.main.org.fusesource.jansi.AnsiConsole,61-568:AnsiConsole,233-233:virtualProcessing,field,attempted,success,,2026-06-18T19:46:40.334582
jansi.src.main.org.fusesource.jansi.AnsiConsole,61-568:AnsiConsole,198-204:getTerminalWidth,method,attempted,error,Compilation failed: error: 'getTerminalWidth' is not a member of interface 'OutputStream',2026-06-18T19:47:27.043818
jansi.src.main.org.fusesource.jansi.AnsiConsole,61-568:AnsiConsole,235-235:AnsiConsole,method,attempted,error,the 'method' field in JSON output is empty,2026-06-18T19:47:54.621889
jansi.src.main.org.fusesource.jansi.AnsiConsole,61-568:AnsiConsole,237-445:ansiStream,method,attempted,error,the model did not output valid JSON: Unterminated string starting at: line 3 column 13 (char 9014),2026-06-18T19:49:23.304862
jansi.src.main.org.fusesource.jansi.AnsiConsole,61-568:AnsiConsole,447-455:newPrintStream,method,completed,success,Compilation successful,2026-06-18T19:49:43.315066
jansi.src.main.org.fusesource.jansi.AnsiConsole,61-568:AnsiConsole,457-465:getBoolean,method,attempted,error,Compilation failed: error: undeclared type name 'NullPointerException',2026-06-18T19:50:26.474442
jansi.src.main.org.fusesource.jansi.AnsiConsole,61-568:AnsiConsole,475-478:out,method,attempted,error,Compilation failed: --- cjc stderr ---,2026-06-18T19:50:36.957853
jansi.src.main.org.fusesource.jansi.AnsiConsole,61-568:AnsiConsole,485-487:sysOut,method,completed,success,Compilation successful,2026-06-18T19:50:45.369332
jansi.src.main.org.fusesource.jansi.AnsiConsole,61-568:AnsiConsole,497-500:err,method,attempted,error,Compilation failed: --- cjc stderr ---,2026-06-18T19:50:57.955737
jansi.src.main.org.fusesource.jansi.AnsiConsole,61-568:AnsiConsole,507-509:sysErr,method,completed,success,Compilation successful,2026-06-18T19:51:06.506581
jansi.src.main.org.fusesource.jansi.AnsiConsole,61-568:AnsiConsole,516-529:systemInstall,method,attempted,error,"Compilation failed: error: expected type name after keyword 'as', found '!'",2026-06-18T19:51:52.166120
jansi.src.main.org.fusesource.jansi.AnsiConsole,61-568:AnsiConsole,534-536:isInstalled,method,completed,success,Compilation successful,2026-06-18T19:52:01.915075
jansi.src.main.org.fusesource.jansi.AnsiConsole,61-568:AnsiConsole,543-556:systemUninstall,method,attempted,error,Compilation failed: error: undeclared type name 'IOException',2026-06-18T19:52:41.709628
jansi.src.main.org.fusesource.jansi.AnsiConsole,61-568:AnsiConsole,561-567:initStreams,method,attempted,error,Compilation failed: error: mismatched types,2026-06-18T19:53:22.553794
jansi.src.main.org.fusesource.jansi.AnsiConsole,61-568:AnsiConsole,225-229:run_static_init,static_initializer,completed,success,Compilation successful,2026-06-18T19:46:49.202460
jansi.src.main.org.fusesource.jansi.AnsiMode,23-37:AnsiMode,24-24:Strip,field,attempted,success,,2026-06-18T19:55:18.637724
jansi.src.main.org.fusesource.jansi.AnsiMode,23-37:AnsiMode,25-25:Default,field,attempted,success,,2026-06-18T19:55:18.671202
jansi.src.main.org.fusesource.jansi.AnsiMode,23-37:AnsiMode,26-26:Force,field,attempted,success,,2026-06-18T19:55:18.703584
jansi.src.main.org.fusesource.jansi.AnsiMode,23-37:AnsiMode,28-28:description,field,attempted,success,,2026-06-18T19:55:18.742816
jansi.src.main.org.fusesource.jansi.AnsiMode,23-37:AnsiMode,30-32:AnsiMode,method,completed,success,Compilation successful,2026-06-18T19:55:27.544573
jansi.src.main.org.fusesource.jansi.AnsiMode,23-37:AnsiMode,34-36:getDescription,method,completed,success,Compilation successful,2026-06-18T19:55:36.474943
jansi.src.main.org.fusesource.jansi.AnsiPrintStream,28-96:AnsiPrintStream,30-32:AnsiPrintStream,method,attempted,error,"Compilation failed: error: expected a member name after '.' in qualified name, found keyword 'init'",2026-06-18T20:36:06.255762
jansi.src.main.org.fusesource.jansi.AnsiPrintStream,28-96:AnsiPrintStream,34-37:AnsiPrintStream,method,attempted,error,Compilation failed: error: extra arguments given for parameter list '()' in call,2026-06-18T20:36:41.597104
jansi.src.main.org.fusesource.jansi.AnsiPrintStream,28-96:AnsiPrintStream,39-41:getOut,method,attempted,error,Compilation failed: error: undeclared identifier 'out',2026-06-18T20:37:16.321630
jansi.src.main.org.fusesource.jansi.AnsiPrintStream,28-96:AnsiPrintStream,43-45:getType,method,completed,success,Compilation successful,2026-06-18T20:37:24.290337
jansi.src.main.org.fusesource.jansi.AnsiPrintStream,28-96:AnsiPrintStream,47-49:getColors,method,completed,success,Compilation successful,2026-06-18T20:37:32.655290
jansi.src.main.org.fusesource.jansi.AnsiPrintStream,28-96:AnsiPrintStream,51-53:getMode,method,completed,success,Compilation successful,2026-06-18T20:37:41.298645
jansi.src.main.org.fusesource.jansi.AnsiPrintStream,28-96:AnsiPrintStream,55-57:setMode,method,completed,success,Compilation successful,2026-06-18T20:37:49.145432
jansi.src.main.org.fusesource.jansi.AnsiPrintStream,28-96:AnsiPrintStream,59-61:isResetAtUninstall,method,completed,success,Compilation successful,2026-06-18T20:37:57.656311
jansi.src.main.org.fusesource.jansi.AnsiPrintStream,28-96:AnsiPrintStream,63-65:setResetAtUninstall,method,completed,success,Compilation successful,2026-06-18T20:38:05.599650
jansi.src.main.org.fusesource.jansi.AnsiPrintStream,28-96:AnsiPrintStream,71-73:getTerminalWidth,method,completed,success,Compilation successful,2026-06-18T20:38:14.564616
jansi.src.main.org.fusesource.jansi.AnsiPrintStream,28-96:AnsiPrintStream,75-77:install,method,completed,success,Compilation successful,2026-06-18T20:38:23.205532
jansi.src.main.org.fusesource.jansi.AnsiPrintStream,28-96:AnsiPrintStream,79-85:uninstall,method,attempted,error,Compilation failed: error: undeclared identifier 'null',2026-06-18T20:38:59.519022
jansi.src.main.org.fusesource.jansi.AnsiPrintStream,28-96:AnsiPrintStream,87-95:toString,method,attempted,error,Compilation failed: error: 'toString' is not a member of class 'AnsiType',2026-06-18T20:39:34.595353
jansi.src.main.org.fusesource.jansi.AnsiType,23-39:AnsiType,24-24:Native,field,attempted,success,,2026-06-18T19:54:58.777272
jansi.src.main.org.fusesource.jansi.AnsiType,23-39:AnsiType,25-25:Unsupported,field,attempted,success,,2026-06-18T19:54:58.821077
jansi.src.main.org.fusesource.jansi.AnsiType,23-39:AnsiType,26-26:VirtualTerminal,field,attempted,success,,2026-06-18T19:54:58.865098
jansi.src.main.org.fusesource.jansi.AnsiType,23-39:AnsiType,27-27:Emulation,field,attempted,success,,2026-06-18T19:54:58.909036
jansi.src.main.org.fusesource.jansi.AnsiType,23-39:AnsiType,28-28:Redirected,field,attempted,success,,2026-06-18T19:54:58.965168
jansi.src.main.org.fusesource.jansi.AnsiType,23-39:AnsiType,30-30:description,field,attempted,success,,2026-06-18T19:54:59.019047
jansi.src.main.org.fusesource.jansi.AnsiType,23-39:AnsiType,32-34:AnsiType,method,completed,success,Compilation successful,2026-06-18T19:55:08.420927
jansi.src.main.org.fusesource.jansi.AnsiType,23-39:AnsiType,36-38:getDescription,method,completed,success,Compilation successful,2026-06-18T19:55:18.591469
jansi.src.main.org.fusesource.jansi.internal.CLibrary,25-161:CLibrary,32-32:LOADED,field,attempted,success,,2026-06-18T20:31:53.928746
jansi.src.main.org.fusesource.jansi.internal.CLibrary,25-161:CLibrary,47-47:STDOUT_FILENO,field,attempted,success,,2026-06-18T20:31:53.955936
jansi.src.main.org.fusesource.jansi.internal.CLibrary,25-161:CLibrary,49-49:STDERR_FILENO,field,attempted,success,,2026-06-18T20:31:53.983067
jansi.src.main.org.fusesource.jansi.internal.CLibrary,25-161:CLibrary,51-51:HAVE_ISATTY,field,attempted,success,,2026-06-18T20:31:54.009661
jansi.src.main.org.fusesource.jansi.internal.CLibrary,25-161:CLibrary,53-53:HAVE_TTYNAME,field,attempted,success,,2026-06-18T20:31:54.037658
jansi.src.main.org.fusesource.jansi.internal.CLibrary,25-161:CLibrary,55-55:TCSANOW,field,attempted,success,,2026-06-18T20:31:54.065834
jansi.src.main.org.fusesource.jansi.internal.CLibrary,25-161:CLibrary,56-56:TCSADRAIN,field,attempted,success,,2026-06-18T20:31:54.092914
jansi.src.main.org.fusesource.jansi.internal.CLibrary,25-161:CLibrary,57-57:TCSAFLUSH,field,attempted,success,,2026-06-18T20:31:54.121615
jansi.src.main.org.fusesource.jansi.internal.CLibrary,25-161:CLibrary,58-58:TIOCGETA,field,attempted,success,,2026-06-18T20:31:54.151206
jansi.src.main.org.fusesource.jansi.internal.CLibrary,25-161:CLibrary,59-59:TIOCSETA,field,attempted,success,,2026-06-18T20:31:54.178740
jansi.src.main.org.fusesource.jansi.internal.CLibrary,25-161:CLibrary,60-60:TIOCGETD,field,attempted,success,,2026-06-18T20:31:54.207398
jansi.src.main.org.fusesource.jansi.internal.CLibrary,25-161:CLibrary,61-61:TIOCSETD,field,attempted,success,,2026-06-18T20:31:54.235450
jansi.src.main.org.fusesource.jansi.internal.CLibrary,25-161:CLibrary,62-62:TIOCGWINSZ,field,attempted,success,,2026-06-18T20:31:54.264104
jansi.src.main.org.fusesource.jansi.internal.CLibrary,25-161:CLibrary,63-63:TIOCSWINSZ,field,attempted,success,,2026-06-18T20:31:54.290948
jansi.src.main.org.fusesource.jansi.internal.CLibrary,25-161:CLibrary,41-41:init_,method,completed,success,Compilation successful,2026-06-18T20:32:40.671196
jansi.src.main.org.fusesource.jansi.internal.CLibrary,25-161:CLibrary,75-75:isatty,method,completed,success,Compilation successful,2026-06-18T20:32:56.930155
jansi.src.main.org.fusesource.jansi.internal.CLibrary,25-161:CLibrary,77-77:ttyname,method,attempted,error,Compilation failed: error: mismatched types,2026-06-18T20:33:31.556543
jansi.src.main.org.fusesource.jansi.internal.CLibrary,25-161:CLibrary,91-92:openpty,method,attempted,error,Compilation failed: error: unexpected modifier 'public' on function declaration in function body,2026-06-18T20:34:09.174777
jansi.src.main.org.fusesource.jansi.internal.CLibrary,25-161:CLibrary,94-94:tcgetattr,method,completed,success,Compilation successful,2026-06-18T20:34:36.568985
jansi.src.main.org.fusesource.jansi.internal.CLibrary,25-161:CLibrary,96-96:tcsetattr,method,completed,success,Compilation successful,2026-06-18T20:34:55.026890
jansi.src.main.org.fusesource.jansi.internal.CLibrary,25-161:CLibrary,103-103:ioctl,method,completed,success,Compilation successful,2026-06-18T20:35:11.816762
jansi.src.main.org.fusesource.jansi.internal.CLibrary,25-161:CLibrary,105-105:ioctl,method,completed,success,Compilation successful,2026-06-18T20:35:29.344135
jansi.src.main.org.fusesource.jansi.internal.CLibrary,25-161:CLibrary,34-39:run_static_init,static_initializer,attempted,error,Compilation failed: error: unexpected modifier 'static' on function declaration in function body,2026-06-18T20:32:12.950589
jansi.src.main.org.fusesource.jansi.internal.JansiLoader,61-395:JansiLoader,63-63:loaded,field,attempted,success,,2026-06-18T19:55:36.516092
jansi.src.main.org.fusesource.jansi.internal.JansiLoader,61-395:JansiLoader,64-64:nativeLibraryPath,field,attempted,success,,2026-06-18T19:55:36.572336
jansi.src.main.org.fusesource.jansi.internal.JansiLoader,61-395:JansiLoader,65-65:nativeLibrarySourceUrl,field,attempted,success,,2026-06-18T19:55:36.615307
jansi.src.main.org.fusesource.jansi.internal.JansiLoader,61-395:JansiLoader,73-91:initialize,method,attempted,error,Compilation failed: error: no matching constructor for call 'Thread',2026-06-18T19:56:18.902867
jansi.src.main.org.fusesource.jansi.internal.JansiLoader,61-395:JansiLoader,93-95:getNativeLibraryPath,method,completed,success,Compilation successful,2026-06-18T19:56:27.763414
jansi.src.main.org.fusesource.jansi.internal.JansiLoader,61-395:JansiLoader,97-99:getNativeLibrarySourceUrl,method,completed,success,Compilation successful,2026-06-18T19:56:36.979305
jansi.src.main.org.fusesource.jansi.internal.JansiLoader,61-395:JansiLoader,101-103:getTempDir,method,attempted,error,Compilation failed: error: undeclared identifier 'System',2026-06-18T19:57:13.873805
jansi.src.main.org.fusesource.jansi.internal.JansiLoader,61-395:JansiLoader,109-132:cleanup,method,attempted,error,"Compilation failed: error: expected ';' or '<NL>', found '?'",2026-06-18T19:58:10.782145
jansi.src.main.org.fusesource.jansi.internal.JansiLoader,61-395:JansiLoader,134-143:readNBytes,method,attempted,error,Compilation failed: error: extra arguments given for parameter list '(Struct-Array<UInt8>)' in call,2026-06-18T19:59:07.344481
jansi.src.main.org.fusesource.jansi.internal.JansiLoader,61-395:JansiLoader,145-174:contentsEquals,method,attempted,error,Compilation failed: error: unknown named argument prefix 'item:',2026-06-18T19:59:57.008532
jansi.src.main.org.fusesource.jansi.internal.JansiLoader,61-395:JansiLoader,184-235:extractAndLoadLibraryFile,method,attempted,error,Compilation failed: error: unclosed delimiter: '(',2026-06-18T20:00:53.569007
jansi.src.main.org.fusesource.jansi.internal.JansiLoader,61-395:JansiLoader,237-239:randomUUID,method,attempted,error,Compilation failed: error: undeclared identifier 'Random',2026-06-18T20:01:30.400718
jansi.src.main.org.fusesource.jansi.internal.JansiLoader,61-395:JansiLoader,247-276:loadNativeLibrary,method,attempted,error,Compilation failed: error: undeclared type name 'UnsatisfiedLinkError',2026-06-18T20:02:19.895865
jansi.src.main.org.fusesource.jansi.internal.JansiLoader,61-395:JansiLoader,283-353:loadJansiNativeLibrary,method,attempted,error,Compilation failed: error: undeclared identifier 'ArrayList',2026-06-18T20:03:15.759519
jansi.src.main.org.fusesource.jansi.internal.JansiLoader,61-395:JansiLoader,355-357:hasResource,method,attempted,error,Compilation failed: error: 'getResource' is not a member of class 'JansiLoader',2026-06-18T20:03:49.409701
jansi.src.main.org.fusesource.jansi.internal.JansiLoader,61-395:JansiLoader,362-365:getMajorVersion,method,attempted,error,Compilation failed: error: undeclared identifier 'parse',2026-06-18T20:04:29.548574
jansi.src.main.org.fusesource.jansi.internal.JansiLoader,61-395:JansiLoader,370-373:getMinorVersion,method,attempted,error,Compilation failed: error: undeclared identifier 'parse',2026-06-18T20:05:03.906521
jansi.src.main.org.fusesource.jansi.internal.JansiLoader,61-395:JansiLoader,378-394:getVersion,method,attempted,error,Compilation failed: error: undeclared type name 'IOException',2026-06-18T20:05:44.669338
jansi.src.main.org.fusesource.jansi.internal.Kernel32,26-538:Kernel32,37-37:FOREGROUND_BLUE,field,attempted,success,,2026-06-18T20:19:23.215659
jansi.src.main.org.fusesource.jansi.internal.Kernel32,26-538:Kernel32,38-38:FOREGROUND_GREEN,field,attempted,success,,2026-06-18T20:19:23.263373
jansi.src.main.org.fusesource.jansi.internal.Kernel32,26-538:Kernel32,39-39:FOREGROUND_RED,field,attempted,success,,2026-06-18T20:19:23.311014
jansi.src.main.org.fusesource.jansi.internal.Kernel32,26-538:Kernel32,40-40:FOREGROUND_INTENSITY,field,attempted,success,,2026-06-18T20:19:23.358777
jansi.src.main.org.fusesource.jansi.internal.Kernel32,26-538:Kernel32,41-41:BACKGROUND_BLUE,field,attempted,success,,2026-06-18T20:19:23.409678
jansi.src.main.org.fusesource.jansi.internal.Kernel32,26-538:Kernel32,42-42:BACKGROUND_GREEN,field,attempted,success,,2026-06-18T20:19:23.457809
jansi.src.main.org.fusesource.jansi.internal.Kernel32,26-538:Kernel32,43-43:BACKGROUND_RED,field,attempted,success,,2026-06-18T20:19:23.506170
jansi.src.main.org.fusesource.jansi.internal.Kernel32,26-538:Kernel32,44-44:BACKGROUND_INTENSITY,field,attempted,success,,2026-06-18T20:19:23.554259
jansi.src.main.org.fusesource.jansi.internal.Kernel32,26-538:Kernel32,45-45:COMMON_LVB_LEADING_BYTE,field,attempted,success,,2026-06-18T20:19:23.602058
jansi.src.main.org.fusesource.jansi.internal.Kernel32,26-538:Kernel32,46-46:COMMON_LVB_TRAILING_BYTE,field,attempted,success,,2026-06-18T20:19:23.650026
jansi.src.main.org.fusesource.jansi.internal.Kernel32,26-538:Kernel32,47-47:COMMON_LVB_GRID_HORIZONTAL,field,attempted,success,,2026-06-18T20:19:23.697694
jansi.src.main.org.fusesource.jansi.internal.Kernel32,26-538:Kernel32,48-48:COMMON_LVB_GRID_LVERTICAL,field,attempted,success,,2026-06-18T20:19:23.745288
jansi.src.main.org.fusesource.jansi.internal.Kernel32,26-538:Kernel32,49-49:COMMON_LVB_GRID_RVERTICAL,field,attempted,success,,2026-06-18T20:19:23.793256
jansi.src.main.org.fusesource.jansi.internal.Kernel32,26-538:Kernel32,50-50:COMMON_LVB_REVERSE_VIDEO,field,attempted,success,,2026-06-18T20:19:23.841278
jansi.src.main.org.fusesource.jansi.internal.Kernel32,26-538:Kernel32,51-51:COMMON_LVB_UNDERSCORE,field,attempted,success,,2026-06-18T20:19:23.889309
jansi.src.main.org.fusesource.jansi.internal.Kernel32,26-538:Kernel32,52-52:FORMAT_MESSAGE_FROM_SYSTEM,field,attempted,success,,2026-06-18T20:19:23.937558
jansi.src.main.org.fusesource.jansi.internal.Kernel32,26-538:Kernel32,53-53:STD_INPUT_HANDLE,field,attempted,success,,2026-06-18T20:19:23.985575
jansi.src.main.org.fusesource.jansi.internal.Kernel32,26-538:Kernel32,54-54:STD_OUTPUT_HANDLE,field,attempted,success,,2026-06-18T20:19:24.037202
jansi.src.main.org.fusesource.jansi.internal.Kernel32,26-538:Kernel32,55-55:STD_ERROR_HANDLE,field,attempted,success,,2026-06-18T20:19:24.085582
jansi.src.main.org.fusesource.jansi.internal.Kernel32,26-538:Kernel32,56-56:INVALID_HANDLE_VALUE,field,attempted,success,,2026-06-18T20:19:24.133917
jansi.src.main.org.fusesource.jansi.internal.Kernel32,26-538:Kernel32,35-35:init_,method,completed,success,Compilation successful,2026-06-18T20:19:51.255571
jansi.src.main.org.fusesource.jansi.internal.Kernel32,26-538:Kernel32,58-58:malloc,method,completed,success,Compilation successful,2026-06-18T20:20:10.474718
jansi.src.main.org.fusesource.jansi.internal.Kernel32,26-538:Kernel32,60-60:free,method,completed,success,Compilation successful,2026-06-18T20:20:30.649901
jansi.src.main.org.fusesource.jansi.internal.Kernel32,26-538:Kernel32,101-101:SetConsoleTextAttribute,method,completed,success,Compilation successful,2026-06-18T20:20:58.410804
jansi.src.main.org.fusesource.jansi.internal.Kernel32,26-538:Kernel32,158-158:WaitForSingleObject,method,completed,success,Compilation successful,2026-06-18T20:21:17.031711
jansi.src.main.org.fusesource.jansi.internal.Kernel32,26-538:Kernel32,163-163:CloseHandle,method,completed,success,Compilation successful,2026-06-18T20:21:36.617864
jansi.src.main.org.fusesource.jansi.internal.Kernel32,26-538:Kernel32,168-168:GetLastError,method,completed,success,Compilation successful,2026-06-18T20:21:56.299228
jansi.src.main.org.fusesource.jansi.internal.Kernel32,26-538:Kernel32,170-171:FormatMessageW,method,completed,success,Compilation successful,2026-06-18T20:22:18.134724
jansi.src.main.org.fusesource.jansi.internal.Kernel32,26-538:Kernel32,176-177:GetConsoleScreenBufferInfo,method,completed,success,Compilation successful,2026-06-18T20:22:37.756497
jansi.src.main.org.fusesource.jansi.internal.Kernel32,26-538:Kernel32,182-182:GetStdHandle,method,completed,success,Compilation successful,2026-06-18T20:22:47.510039
jansi.src.main.org.fusesource.jansi.internal.Kernel32,26-538:Kernel32,187-187:SetConsoleCursorPosition,method,completed,success,Compilation successful,2026-06-18T20:23:06.314555
jansi.src.main.org.fusesource.jansi.internal.Kernel32,26-538:Kernel32,192-193:FillConsoleOutputCharacterW,method,completed,success,Compilation successful,2026-06-18T20:23:36.752343
jansi.src.main.org.fusesource.jansi.internal.Kernel32,26-538:Kernel32,198-199:FillConsoleOutputAttribute,method,completed,success,Compilation successful,2026-06-18T20:23:57.121104
jansi.src.main.org.fusesource.jansi.internal.Kernel32,26-538:Kernel32,204-205:WriteConsoleW,method,completed,success,Compilation successful,2026-06-18T20:24:18.613138
jansi.src.main.org.fusesource.jansi.internal.Kernel32,26-538:Kernel32,210-210:GetConsoleMode,method,completed,success,Compilation successful,2026-06-18T20:24:38.912772
jansi.src.main.org.fusesource.jansi.internal.Kernel32,26-538:Kernel32,215-215:SetConsoleMode,method,completed,success,Compilation successful,2026-06-18T20:25:09.508924
jansi.src.main.org.fusesource.jansi.internal.Kernel32,26-538:Kernel32,220-220:_getch,method,completed,success,Compilation successful,2026-06-18T20:25:29.534751
jansi.src.main.org.fusesource.jansi.internal.Kernel32,26-538:Kernel32,227-227:SetConsoleTitle,method,completed,success,Compilation successful,2026-06-18T20:25:40.089581
jansi.src.main.org.fusesource.jansi.internal.Kernel32,26-538:Kernel32,234-234:GetConsoleOutputCP,method,completed,success,Compilation successful,2026-06-18T20:25:52.578547
jansi.src.main.org.fusesource.jansi.internal.Kernel32,26-538:Kernel32,241-241:SetConsoleOutputCP,method,completed,success,Compilation successful,2026-06-18T20:26:17.820751
jansi.src.main.org.fusesource.jansi.internal.Kernel32,26-538:Kernel32,264-269:ScrollConsoleScreenBuffer,method,completed,success,Compilation successful,2026-06-18T20:26:45.801654
jansi.src.main.org.fusesource.jansi.internal.Kernel32,26-538:Kernel32,442-442:ReadConsoleInputW,method,completed,success,Compilation successful,2026-06-18T20:27:11.135654
jansi.src.main.org.fusesource.jansi.internal.Kernel32,26-538:Kernel32,447-447:PeekConsoleInputW,method,completed,success,Compilation successful,2026-06-18T20:27:43.679236
jansi.src.main.org.fusesource.jansi.internal.Kernel32,26-538:Kernel32,452-452:GetNumberOfConsoleInputEvents,method,completed,success,Compilation successful,2026-06-18T20:28:26.065078
jansi.src.main.org.fusesource.jansi.internal.Kernel32,26-538:Kernel32,457-457:FlushConsoleInputBuffer,method,completed,success,Compilation successful,2026-06-18T20:28:51.258031
jansi.src.main.org.fusesource.jansi.internal.Kernel32,26-538:Kernel32,462-493:readConsoleInputHelper,method,attempted,error,Compilation failed: error: unknown named argument prefix 'item:',2026-06-18T20:29:52.633095
jansi.src.main.org.fusesource.jansi.internal.Kernel32,26-538:Kernel32,501-521:readConsoleKeyInput,method,attempted,error,Compilation failed: error: mismatched types,2026-06-18T20:30:49.393032
jansi.src.main.org.fusesource.jansi.internal.Kernel32,26-538:Kernel32,523-526:getLastErrorMessage,method,completed,success,Compilation successful,2026-06-18T20:31:03.079896
jansi.src.main.org.fusesource.jansi.internal.Kernel32,26-538:Kernel32,528-537:getErrorMessage,method,attempted,error,Compilation failed: error: unknown named argument prefix 'item:',2026-06-18T20:31:53.888919
jansi.src.main.org.fusesource.jansi.internal.Kernel32,26-538:Kernel32,29-33:run_static_init,static_initializer,completed,success,Compilation successful,2026-06-18T20:19:32.841090
jansi.src.main.org.fusesource.jansi.internal.MingwSupport,34-137:MingwSupport,36-36:sttyCommand,field,attempted,success,,2026-06-18T20:15:25.579002
jansi.src.main.org.fusesource.jansi.internal.MingwSupport,34-137:MingwSupport,37-37:ttyCommand,field,attempted,success,,2026-06-18T20:15:25.625610
jansi.src.main.org.fusesource.jansi.internal.MingwSupport,34-137:MingwSupport,38-38:columnsPatterns,field,attempted,success,,2026-06-18T20:15:25.669544
jansi.src.main.org.fusesource.jansi.internal.MingwSupport,34-137:MingwSupport,40-67:MingwSupport,method,attempted,error,"Compilation failed: error: expected ';' or '<NL>', found '?'",2026-06-18T20:16:20.103467
jansi.src.main.org.fusesource.jansi.internal.MingwSupport,34-137:MingwSupport,69-86:getConsoleName,method,attempted,error,Compilation failed: error: undeclared type name 'InaccessibleObjectException',2026-06-18T20:17:08.200893
jansi.src.main.org.fusesource.jansi.internal.MingwSupport,34-137:MingwSupport,88-103:getTerminalWidth,method,attempted,error,Compilation failed: error: undeclared identifier 'ProcessBuilder',2026-06-18T20:17:52.705326
jansi.src.main.org.fusesource.jansi.internal.MingwSupport,34-137:MingwSupport,105-119:waitAndCapture,method,attempted,error,Compilation failed: error: undeclared identifier 'ArrayList',2026-06-18T20:18:39.160411
jansi.src.main.org.fusesource.jansi.internal.MingwSupport,34-137:MingwSupport,124-136:getRedirect,method,attempted,error,Compilation failed: error: undeclared type name 'Redirect',2026-06-18T20:19:23.170009
jansi.src.main.org.fusesource.jansi.internal.OSInfo,46-229:OSInfo,48-48:X86,field,attempted,success,,2026-06-18T19:39:59.466710
jansi.src.main.org.fusesource.jansi.internal.OSInfo,46-229:OSInfo,49-49:X86_64,field,attempted,success,,2026-06-18T19:39:59.499045
jansi.src.main.org.fusesource.jansi.internal.OSInfo,46-229:OSInfo,50-50:IA64_32,field,attempted,success,,2026-06-18T19:39:59.528898
jansi.src.main.org.fusesource.jansi.internal.OSInfo,46-229:OSInfo,51-51:IA64,field,attempted,success,,2026-06-18T19:39:59.562312
jansi.src.main.org.fusesource.jansi.internal.OSInfo,46-229:OSInfo,52-52:PPC,field,attempted,success,,2026-06-18T19:39:59.592869
jansi.src.main.org.fusesource.jansi.internal.OSInfo,46-229:OSInfo,53-53:PPC64,field,attempted,success,,2026-06-18T19:39:59.622874
jansi.src.main.org.fusesource.jansi.internal.OSInfo,46-229:OSInfo,54-54:ARM64,field,attempted,success,,2026-06-18T19:39:59.656345
jansi.src.main.org.fusesource.jansi.internal.OSInfo,46-229:OSInfo,56-56:archMapping,field,attempted,success,,2026-06-18T19:39:59.691584
jansi.src.main.org.fusesource.jansi.internal.OSInfo,46-229:OSInfo,99-111:main,method,attempted,error,Compilation failed: --- cjc stderr ---,2026-06-18T19:40:39.130915
jansi.src.main.org.fusesource.jansi.internal.OSInfo,46-229:OSInfo,113-115:getNativeLibFolderPathForCurrentOS,method,completed,success,Compilation successful,2026-06-18T19:40:48.394805
jansi.src.main.org.fusesource.jansi.internal.OSInfo,46-229:OSInfo,117-119:getOSName,method,attempted,error,Compilation failed: error: undeclared identifier 'getProperty',2026-06-18T19:41:20.935736
jansi.src.main.org.fusesource.jansi.internal.OSInfo,46-229:OSInfo,121-123:isAndroid,method,attempted,error,Compilation failed: error: undeclared identifier 'RuntimeProperties',2026-06-18T19:41:56.186304
jansi.src.main.org.fusesource.jansi.internal.OSInfo,46-229:OSInfo,125-136:isAlpine,method,attempted,error,Compilation failed: error: undeclared identifier 'Files',2026-06-18T19:42:33.610194
jansi.src.main.org.fusesource.jansi.internal.OSInfo,46-229:OSInfo,138-153:getHardwareName,method,attempted,error,Compilation failed: error: undeclared identifier 'Runtime',2026-06-18T19:43:13.966740
jansi.src.main.org.fusesource.jansi.internal.OSInfo,46-229:OSInfo,155-163:readFully,method,attempted,error,Compilation failed: error: undeclared identifier 'ByteArray',2026-06-18T19:44:01.089616
jansi.src.main.org.fusesource.jansi.internal.OSInfo,46-229:OSInfo,165-192:resolveArmArchType,method,attempted,error,Compilation failed: error: undeclared identifier 'System',2026-06-18T19:44:40.576895
jansi.src.main.org.fusesource.jansi.internal.OSInfo,46-229:OSInfo,194-208:getArchName,method,attempted,error,Compilation failed: error: undeclared identifier 'getProperty',2026-06-18T19:45:23.178922
jansi.src.main.org.fusesource.jansi.internal.OSInfo,46-229:OSInfo,210-224:translateOSNameToFolderName,method,attempted,error,Compilation failed: error: 'replaceAll' is not a member of struct 'String',2026-06-18T19:46:04.351563
jansi.src.main.org.fusesource.jansi.internal.OSInfo,46-229:OSInfo,226-228:translateArchNameToFolderName,method,attempted,error,Compilation failed: error: undeclared identifier 'Regex',2026-06-18T19:46:39.145395
jansi.src.main.org.fusesource.jansi.internal.OSInfo,46-229:OSInfo,58-97:run_static_init,static_initializer,attempted,error,"Compilation failed: error: 'put' is not a member of class 'HashMap<Struct-String, Struct-String>'",2026-06-18T19:40:26.859165
jansi.src.main.org.fusesource.jansi.io.AnsiOutputStream,41-359:AnsiOutputStream,43-43:RESET_CODE,field,attempted,success,,2026-06-18T20:05:44.726143
jansi.src.main.org.fusesource.jansi.io.AnsiOutputStream,41-359:AnsiOutputStream,62-62:LOOKING_FOR_FIRST_ESC_CHAR,field,attempted,success,,2026-06-18T20:05:44.768582
jansi.src.main.org.fusesource.jansi.io.AnsiOutputStream,41-359:AnsiOutputStream,63-63:LOOKING_FOR_SECOND_ESC_CHAR,field,attempted,success,,2026-06-18T20:05:44.811795
jansi.src.main.org.fusesource.jansi.io.AnsiOutputStream,41-359:AnsiOutputStream,64-64:LOOKING_FOR_NEXT_ARG,field,attempted,success,,2026-06-18T20:05:44.853853
jansi.src.main.org.fusesource.jansi.io.AnsiOutputStream,41-359:AnsiOutputStream,65-65:LOOKING_FOR_STR_ARG_END,field,attempted,success,,2026-06-18T20:05:44.901955
jansi.src.main.org.fusesource.jansi.io.AnsiOutputStream,41-359:AnsiOutputStream,66-66:LOOKING_FOR_INT_ARG_END,field,attempted,success,,2026-06-18T20:05:44.944897
jansi.src.main.org.fusesource.jansi.io.AnsiOutputStream,41-359:AnsiOutputStream,67-67:LOOKING_FOR_OSC_COMMAND,field,attempted,success,,2026-06-18T20:05:44.987688
jansi.src.main.org.fusesource.jansi.io.AnsiOutputStream,41-359:AnsiOutputStream,68-68:LOOKING_FOR_OSC_COMMAND_END,field,attempted,success,,2026-06-18T20:05:45.030066
jansi.src.main.org.fusesource.jansi.io.AnsiOutputStream,41-359:AnsiOutputStream,69-69:LOOKING_FOR_OSC_PARAM,field,attempted,success,,2026-06-18T20:05:45.080510
jansi.src.main.org.fusesource.jansi.io.AnsiOutputStream,41-359:AnsiOutputStream,70-70:LOOKING_FOR_ST,field,attempted,success,,2026-06-18T20:05:45.125033
jansi.src.main.org.fusesource.jansi.io.AnsiOutputStream,41-359:AnsiOutputStream,71-71:LOOKING_FOR_CHARSET,field,attempted,success,,2026-06-18T20:05:45.167586
jansi.src.main.org.fusesource.jansi.io.AnsiOutputStream,41-359:AnsiOutputStream,73-73:FIRST_ESC_CHAR,field,attempted,success,,2026-06-18T20:05:45.210312
jansi.src.main.org.fusesource.jansi.io.AnsiOutputStream,41-359:AnsiOutputStream,74-74:SECOND_ESC_CHAR,field,attempted,success,,2026-06-18T20:05:45.259414
jansi.src.main.org.fusesource.jansi.io.AnsiOutputStream,41-359:AnsiOutputStream,75-75:SECOND_OSC_CHAR,field,attempted,success,,2026-06-18T20:05:45.302876
jansi.src.main.org.fusesource.jansi.io.AnsiOutputStream,41-359:AnsiOutputStream,76-76:BEL,field,attempted,success,,2026-06-18T20:05:45.345785
jansi.src.main.org.fusesource.jansi.io.AnsiOutputStream,41-359:AnsiOutputStream,77-77:SECOND_ST_CHAR,field,attempted,success,,2026-06-18T20:05:45.389858
jansi.src.main.org.fusesource.jansi.io.AnsiOutputStream,41-359:AnsiOutputStream,78-78:SECOND_CHARSET0_CHAR,field,attempted,success,,2026-06-18T20:05:45.439137
jansi.src.main.org.fusesource.jansi.io.AnsiOutputStream,41-359:AnsiOutputStream,79-79:SECOND_CHARSET1_CHAR,field,attempted,success,,2026-06-18T20:05:45.481670
jansi.src.main.org.fusesource.jansi.io.AnsiOutputStream,41-359:AnsiOutputStream,81-81:ap,field,attempted,success,,2026-06-18T20:05:45.529212
jansi.src.main.org.fusesource.jansi.io.AnsiOutputStream,41-359:AnsiOutputStream,82-82:MAX_ESCAPE_SEQUENCE_LENGTH,field,attempted,success,,2026-06-18T20:05:45.572748
jansi.src.main.org.fusesource.jansi.io.AnsiOutputStream,41-359:AnsiOutputStream,83-83:buffer,field,attempted,success,,2026-06-18T20:05:45.621935
jansi.src.main.org.fusesource.jansi.io.AnsiOutputStream,41-359:AnsiOutputStream,84-84:pos,field,attempted,success,,2026-06-18T20:05:45.664660
jansi.src.main.org.fusesource.jansi.io.AnsiOutputStream,41-359:AnsiOutputStream,85-85:startOfValue,field,attempted,success,,2026-06-18T20:05:45.706898
jansi.src.main.org.fusesource.jansi.io.AnsiOutputStream,41-359:AnsiOutputStream,86-86:options,field,attempted,success,,2026-06-18T20:05:45.761501
jansi.src.main.org.fusesource.jansi.io.AnsiOutputStream,41-359:AnsiOutputStream,87-87:state,field,attempted,success,,2026-06-18T20:05:45.811187
jansi.src.main.org.fusesource.jansi.io.AnsiOutputStream,41-359:AnsiOutputStream,88-88:cs,field,attempted,success,,2026-06-18T20:05:45.859742
jansi.src.main.org.fusesource.jansi.io.AnsiOutputStream,41-359:AnsiOutputStream,90-90:width,field,attempted,success,,2026-06-18T20:05:45.903778
jansi.src.main.org.fusesource.jansi.io.AnsiOutputStream,41-359:AnsiOutputStream,91-91:processor,field,attempted,success,,2026-06-18T20:05:45.952335
jansi.src.main.org.fusesource.jansi.io.AnsiOutputStream,41-359:AnsiOutputStream,92-92:type__,field,attempted,success,,2026-06-18T20:05:46.007419
jansi.src.main.org.fusesource.jansi.io.AnsiOutputStream,41-359:AnsiOutputStream,93-93:colors,field,attempted,success,,2026-06-18T20:05:46.053282
jansi.src.main.org.fusesource.jansi.io.AnsiOutputStream,41-359:AnsiOutputStream,94-94:installer,field,attempted,success,,2026-06-18T20:05:46.098166
jansi.src.main.org.fusesource.jansi.io.AnsiOutputStream,41-359:AnsiOutputStream,95-95:uninstaller,field,attempted,success,,2026-06-18T20:05:46.144108
jansi.src.main.org.fusesource.jansi.io.AnsiOutputStream,41-359:AnsiOutputStream,96-96:mode,field,attempted,success,,2026-06-18T20:05:46.194016
jansi.src.main.org.fusesource.jansi.io.AnsiOutputStream,41-359:AnsiOutputStream,97-97:resetAtUninstall,field,attempted,success,,2026-06-18T20:05:46.243638
jansi.src.main.org.fusesource.jansi.io.AnsiOutputStream,41-359:AnsiOutputStream,99-120:AnsiOutputStream,method,attempted,error,Compilation failed: error: extra argument given for parameter list '()' in call,2026-06-18T20:06:33.002580
jansi.src.main.org.fusesource.jansi.io.AnsiOutputStream,41-359:AnsiOutputStream,122-124:getTerminalWidth,method,completed,success,Compilation successful,2026-06-18T20:06:42.889992
jansi.src.main.org.fusesource.jansi.io.AnsiOutputStream,41-359:AnsiOutputStream,126-128:getType,method,completed,success,Compilation successful,2026-06-18T20:06:51.178412
jansi.src.main.org.fusesource.jansi.io.AnsiOutputStream,41-359:AnsiOutputStream,130-132:getColors,method,completed,success,Compilation successful,2026-06-18T20:06:59.515307
jansi.src.main.org.fusesource.jansi.io.AnsiOutputStream,41-359:AnsiOutputStream,134-136:getMode,method,completed,success,Compilation successful,2026-06-18T20:07:07.691443
jansi.src.main.org.fusesource.jansi.io.AnsiOutputStream,41-359:AnsiOutputStream,138-143:setMode,method,attempted,error,"Compilation failed: error: 'Strip' is non-static member, cannot access by type name",2026-06-18T20:07:51.219412
jansi.src.main.org.fusesource.jansi.io.AnsiOutputStream,41-359:AnsiOutputStream,145-147:isResetAtUninstall,method,completed,success,Compilation successful,2026-06-18T20:08:00.492614
jansi.src.main.org.fusesource.jansi.io.AnsiOutputStream,41-359:AnsiOutputStream,149-151:setResetAtUninstall,method,completed,success,Compilation successful,2026-06-18T20:08:09.084606
jansi.src.main.org.fusesource.jansi.io.AnsiOutputStream,41-359:AnsiOutputStream,156-293:write,method,attempted,error,Compilation failed: error: undeclared identifier 'toByte',2026-06-18T20:09:44.741246
jansi.src.main.org.fusesource.jansi.io.AnsiOutputStream,41-359:AnsiOutputStream,295-302:processCharsetSelect,method,attempted,error,Compilation failed: error: undeclared identifier 'null',2026-06-18T20:10:24.144481
jansi.src.main.org.fusesource.jansi.io.AnsiOutputStream,41-359:AnsiOutputStream,304-311:processOperatingSystemCommand,method,attempted,error,Compilation failed: error: undeclared identifier 'nil',2026-06-18T20:11:05.576747
jansi.src.main.org.fusesource.jansi.io.AnsiOutputStream,41-359:AnsiOutputStream,313-320:processEscapeCommand,method,attempted,error,Compilation failed: error: undeclared type name 'RuntimeException',2026-06-18T20:11:43.695040
jansi.src.main.org.fusesource.jansi.io.AnsiOutputStream,41-359:AnsiOutputStream,327-335:reset,method,attempted,error,Compilation failed: error: undeclared identifier 'out',2026-06-18T20:12:35.230946
jansi.src.main.org.fusesource.jansi.io.AnsiOutputStream,41-359:AnsiOutputStream,337-341:install,method,attempted,error,Compilation failed: error: undeclared identifier 'nil',2026-06-18T20:13:15.807695
jansi.src.main.org.fusesource.jansi.io.AnsiOutputStream,41-359:AnsiOutputStream,343-352:uninstall,method,attempted,error,"Compilation failed: error: 'Redirected' is non-static member, cannot access by type name",2026-06-18T20:14:07.846509
jansi.src.main.org.fusesource.jansi.io.AnsiOutputStream,41-359:AnsiOutputStream,354-358:close,method,attempted,error,Compilation failed: error: 'close' is not a member of class 'Object',2026-06-18T20:15:25.521894
jansi.src.main.org.fusesource.jansi.io.AnsiProcessor,33-559:AnsiProcessor,35-35:os,field,attempted,success,,2026-06-18T19:30:27.931082
jansi.src.main.org.fusesource.jansi.io.AnsiProcessor,33-559:AnsiProcessor,302-302:ERASE_SCREEN_TO_END,field,attempted,success,,2026-06-18T19:30:27.965410
jansi.src.main.org.fusesource.jansi.io.AnsiProcessor,33-559:AnsiProcessor,303-303:ERASE_SCREEN_TO_BEGINING,field,attempted,success,,2026-06-18T19:30:27.999216
jansi.src.main.org.fusesource.jansi.io.AnsiProcessor,33-559:AnsiProcessor,304-304:ERASE_SCREEN,field,attempted,success,,2026-06-18T19:30:28.033778
jansi.src.main.org.fusesource.jansi.io.AnsiProcessor,33-559:AnsiProcessor,313-313:ERASE_LINE_TO_END,field,attempted,success,,2026-06-18T19:30:28.067935
jansi.src.main.org.fusesource.jansi.io.AnsiProcessor,33-559:AnsiProcessor,314-314:ERASE_LINE_TO_BEGINING,field,attempted,success,,2026-06-18T19:30:28.101366
jansi.src.main.org.fusesource.jansi.io.AnsiProcessor,33-559:AnsiProcessor,315-315:ERASE_LINE,field,attempted,success,,2026-06-18T19:30:28.135170
jansi.src.main.org.fusesource.jansi.io.AnsiProcessor,33-559:AnsiProcessor,324-324:ATTRIBUTE_INTENSITY_BOLD,field,attempted,success,,2026-06-18T19:30:28.168508
jansi.src.main.org.fusesource.jansi.io.AnsiProcessor,33-559:AnsiProcessor,325-325:ATTRIBUTE_INTENSITY_FAINT,field,attempted,success,,2026-06-18T19:30:28.201771
jansi.src.main.org.fusesource.jansi.io.AnsiProcessor,33-559:AnsiProcessor,326-326:ATTRIBUTE_ITALIC,field,attempted,success,,2026-06-18T19:30:28.241150
jansi.src.main.org.fusesource.jansi.io.AnsiProcessor,33-559:AnsiProcessor,327-327:ATTRIBUTE_UNDERLINE,field,attempted,success,,2026-06-18T19:30:28.275283
jansi.src.main.org.fusesource.jansi.io.AnsiProcessor,33-559:AnsiProcessor,328-328:ATTRIBUTE_BLINK_SLOW,field,attempted,success,,2026-06-18T19:30:28.308117
jansi.src.main.org.fusesource.jansi.io.AnsiProcessor,33-559:AnsiProcessor,329-329:ATTRIBUTE_BLINK_FAST,field,attempted,success,,2026-06-18T19:30:28.342951
jansi.src.main.org.fusesource.jansi.io.AnsiProcessor,33-559:AnsiProcessor,330-331:ATTRIBUTE_NEGATIVE_ON,field,attempted,success,,2026-06-18T19:30:28.378098
jansi.src.main.org.fusesource.jansi.io.AnsiProcessor,33-559:AnsiProcessor,332-332:ATTRIBUTE_CONCEAL_ON,field,attempted,success,,2026-06-18T19:30:28.412053
jansi.src.main.org.fusesource.jansi.io.AnsiProcessor,33-559:AnsiProcessor,333-333:ATTRIBUTE_UNDERLINE_DOUBLE,field,attempted,success,,2026-06-18T19:30:28.445414
jansi.src.main.org.fusesource.jansi.io.AnsiProcessor,33-559:AnsiProcessor,334-334:ATTRIBUTE_INTENSITY_NORMAL,field,attempted,success,,2026-06-18T19:30:28.479043
jansi.src.main.org.fusesource.jansi.io.AnsiProcessor,33-559:AnsiProcessor,335-335:ATTRIBUTE_UNDERLINE_OFF,field,attempted,success,,2026-06-18T19:30:28.513206
jansi.src.main.org.fusesource.jansi.io.AnsiProcessor,33-559:AnsiProcessor,336-336:ATTRIBUTE_BLINK_OFF,field,attempted,success,,2026-06-18T19:30:28.547323
jansi.src.main.org.fusesource.jansi.io.AnsiProcessor,33-559:AnsiProcessor,337-337:ATTRIBUTE_NEGATIVE_OFF,field,attempted,success,,2026-06-18T19:30:28.581300
jansi.src.main.org.fusesource.jansi.io.AnsiProcessor,33-559:AnsiProcessor,338-338:ATTRIBUTE_CONCEAL_OFF,field,attempted,success,,2026-06-18T19:30:28.615366
jansi.src.main.org.fusesource.jansi.io.AnsiProcessor,33-559:AnsiProcessor,356-356:BLACK,field,attempted,success,,2026-06-18T19:30:28.649700
jansi.src.main.org.fusesource.jansi.io.AnsiProcessor,33-559:AnsiProcessor,357-357:RED,field,attempted,success,,2026-06-18T19:30:28.683426
jansi.src.main.org.fusesource.jansi.io.AnsiProcessor,33-559:AnsiProcessor,358-358:GREEN,field,attempted,success,,2026-06-18T19:30:28.717841
jansi.src.main.org.fusesource.jansi.io.AnsiProcessor,33-559:AnsiProcessor,359-359:YELLOW,field,attempted,success,,2026-06-18T19:30:28.751669
jansi.src.main.org.fusesource.jansi.io.AnsiProcessor,33-559:AnsiProcessor,360-360:BLUE,field,attempted,success,,2026-06-18T19:30:28.785067
jansi.src.main.org.fusesource.jansi.io.AnsiProcessor,33-559:AnsiProcessor,361-361:MAGENTA,field,attempted,success,,2026-06-18T19:30:28.819480
jansi.src.main.org.fusesource.jansi.io.AnsiProcessor,33-559:AnsiProcessor,362-362:CYAN,field,attempted,success,,2026-06-18T19:30:28.859488
jansi.src.main.org.fusesource.jansi.io.AnsiProcessor,33-559:AnsiProcessor,363-363:WHITE,field,attempted,success,,2026-06-18T19:30:28.893138
jansi.src.main.org.fusesource.jansi.io.AnsiProcessor,33-559:AnsiProcessor,37-39:AnsiProcessor,method,completed,success,Compilation successful,2026-06-18T19:30:39.109047
jansi.src.main.org.fusesource.jansi.io.AnsiProcessor,33-559:AnsiProcessor,46-52:getNextOptionInt,method,attempted,error,Compilation failed: --- cjc stderr ---,2026-06-18T19:30:49.817878
jansi.src.main.org.fusesource.jansi.io.AnsiProcessor,33-559:AnsiProcessor,57-197:processEscapeCommand,method,attempted,error,Compilation failed: --- cjc stderr ---,2026-06-18T19:31:32.626181
jansi.src.main.org.fusesource.jansi.io.AnsiProcessor,33-559:AnsiProcessor,202-227:processOperatingSystemCommand,method,attempted,error,Compilation failed: --- cjc stderr ---,2026-06-18T19:31:49.632467
jansi.src.main.org.fusesource.jansi.io.AnsiProcessor,33-559:AnsiProcessor,234-239:processCharsetSelect,method,attempted,error,Compilation failed: error: redefinition of declaration 'set',2026-06-18T19:32:29.693204
jansi.src.main.org.fusesource.jansi.io.AnsiProcessor,33-559:AnsiProcessor,241-247:optionInt,method,attempted,error,Compilation failed: --- cjc stderr ---,2026-06-18T19:32:44.425840
jansi.src.main.org.fusesource.jansi.io.AnsiProcessor,33-559:AnsiProcessor,249-258:optionInt,method,attempted,error,Compilation failed: --- cjc stderr ---,2026-06-18T19:32:58.048735
jansi.src.main.org.fusesource.jansi.io.AnsiProcessor,33-559:AnsiProcessor,264-264:processRestoreCursorPosition,method,completed,success,Compilation successful,2026-06-18T19:33:06.693466
jansi.src.main.org.fusesource.jansi.io.AnsiProcessor,33-559:AnsiProcessor,270-270:processSaveCursorPosition,method,completed,success,Compilation successful,2026-06-18T19:33:14.495303
jansi.src.main.org.fusesource.jansi.io.AnsiProcessor,33-559:AnsiProcessor,278-278:processInsertLine,method,completed,success,Compilation successful,2026-06-18T19:33:24.523117
jansi.src.main.org.fusesource.jansi.io.AnsiProcessor,33-559:AnsiProcessor,286-286:processDeleteLine,method,completed,success,Compilation successful,2026-06-18T19:33:36.629934
jansi.src.main.org.fusesource.jansi.io.AnsiProcessor,33-559:AnsiProcessor,293-293:processScrollDown,method,completed,success,Compilation successful,2026-06-18T19:33:46.746406
jansi.src.main.org.fusesource.jansi.io.AnsiProcessor,33-559:AnsiProcessor,300-300:processScrollUp,method,completed,success,Compilation successful,2026-06-18T19:33:55.968500
jansi.src.main.org.fusesource.jansi.io.AnsiProcessor,33-559:AnsiProcessor,311-311:processEraseScreen,method,completed,success,Compilation successful,2026-06-18T19:34:06.594400
jansi.src.main.org.fusesource.jansi.io.AnsiProcessor,33-559:AnsiProcessor,322-322:processEraseLine,method,completed,success,Compilation successful,2026-06-18T19:34:15.339308
jansi.src.main.org.fusesource.jansi.io.AnsiProcessor,33-559:AnsiProcessor,354-354:processSetAttribute,method,completed,success,Compilation successful,2026-06-18T19:34:24.724627
jansi.src.main.org.fusesource.jansi.io.AnsiProcessor,33-559:AnsiProcessor,370-372:processSetForegroundColor,method,completed,success,Compilation successful,2026-06-18T19:34:33.174984
jansi.src.main.org.fusesource.jansi.io.AnsiProcessor,33-559:AnsiProcessor,381-381:processSetForegroundColor,method,completed,success,Compilation successful,2026-06-18T19:34:48.864241
jansi.src.main.org.fusesource.jansi.io.AnsiProcessor,33-559:AnsiProcessor,389-389:processSetForegroundColorExt,method,completed,success,Compilation successful,2026-06-18T19:34:58.822299
jansi.src.main.org.fusesource.jansi.io.AnsiProcessor,33-559:AnsiProcessor,399-399:processSetForegroundColorExt,method,completed,success,Compilation successful,2026-06-18T19:35:10.105651
jansi.src.main.org.fusesource.jansi.io.AnsiProcessor,33-559:AnsiProcessor,406-408:processSetBackgroundColor,method,completed,success,Compilation successful,2026-06-18T19:35:20.347338
jansi.src.main.org.fusesource.jansi.io.AnsiProcessor,33-559:AnsiProcessor,417-417:processSetBackgroundColor,method,completed,success,Compilation successful,2026-06-18T19:35:30.170132
jansi.src.main.org.fusesource.jansi.io.AnsiProcessor,33-559:AnsiProcessor,425-425:processSetBackgroundColorExt,method,completed,success,Compilation successful,2026-06-18T19:35:40.412403
jansi.src.main.org.fusesource.jansi.io.AnsiProcessor,33-559:AnsiProcessor,435-435:processSetBackgroundColorExt,method,completed,success,Compilation successful,2026-06-18T19:35:51.217631
jansi.src.main.org.fusesource.jansi.io.AnsiProcessor,33-559:AnsiProcessor,441-441:processDefaultTextColor,method,completed,success,Compilation successful,2026-06-18T19:36:01.885699
jansi.src.main.org.fusesource.jansi.io.AnsiProcessor,33-559:AnsiProcessor,447-447:processDefaultBackgroundColor,method,completed,success,Compilation successful,2026-06-18T19:36:11.635731
jansi.src.main.org.fusesource.jansi.io.AnsiProcessor,33-559:AnsiProcessor,453-453:processAttributeReset,method,completed,success,Compilation successful,2026-06-18T19:36:30.767371
jansi.src.main.org.fusesource.jansi.io.AnsiProcessor,33-559:AnsiProcessor,462-462:processCursorTo,method,completed,success,Compilation successful,2026-06-18T19:36:42.736735
jansi.src.main.org.fusesource.jansi.io.AnsiProcessor,33-559:AnsiProcessor,469-469:processCursorToColumn,method,completed,success,Compilation successful,2026-06-18T19:36:53.794120
jansi.src.main.org.fusesource.jansi.io.AnsiProcessor,33-559:AnsiProcessor,476-476:processCursorUpLine,method,completed,success,Compilation successful,2026-06-18T19:37:03.131916
jansi.src.main.org.fusesource.jansi.io.AnsiProcessor,33-559:AnsiProcessor,483-488:processCursorDownLine,method,attempted,error,Compilation failed: error: unknown suffix 'U8' for number literal,2026-06-18T19:37:42.146257
jansi.src.main.org.fusesource.jansi.io.AnsiProcessor,33-559:AnsiProcessor,495-495:processCursorLeft,method,completed,success,Compilation successful,2026-06-18T19:37:53.136307
jansi.src.main.org.fusesource.jansi.io.AnsiProcessor,33-559:AnsiProcessor,502-507:processCursorRight,method,completed,success,Compilation successful,2026-06-18T19:38:22.341935
jansi.src.main.org.fusesource.jansi.io.AnsiProcessor,33-559:AnsiProcessor,514-514:processCursorDown,method,completed,success,Compilation successful,2026-06-18T19:38:30.783004
jansi.src.main.org.fusesource.jansi.io.AnsiProcessor,33-559:AnsiProcessor,521-521:processCursorUp,method,completed,success,Compilation successful,2026-06-18T19:38:40.301885
jansi.src.main.org.fusesource.jansi.io.AnsiProcessor,33-559:AnsiProcessor,528-528:processUnknownExtension,method,attempted,error,extracted method body is empty,2026-06-18T19:38:55.286892
jansi.src.main.org.fusesource.jansi.io.AnsiProcessor,33-559:AnsiProcessor,534-537:processChangeIconNameAndWindowTitle,method,completed,success,Compilation successful,2026-06-18T19:39:05.599371
jansi.src.main.org.fusesource.jansi.io.AnsiProcessor,33-559:AnsiProcessor,543-543:processChangeIconName,method,attempted,error,extracted method body is empty,2026-06-18T19:39:13.719054
jansi.src.main.org.fusesource.jansi.io.AnsiProcessor,33-559:AnsiProcessor,549-549:processChangeWindowTitle,method,attempted,error,extracted method body is empty,2026-06-18T19:39:22.434037
jansi.src.main.org.fusesource.jansi.io.AnsiProcessor,33-559:AnsiProcessor,556-556:processUnknownOperatingSystemCommand,method,attempted,error,extracted method body is empty,2026-06-18T19:39:31.126788
jansi.src.main.org.fusesource.jansi.io.AnsiProcessor,33-559:AnsiProcessor,558-558:processCharsetSelect,method,completed,success,Compilation successful,2026-06-18T19:39:42.005146
jansi.src.main.org.fusesource.jansi.io.Colors,23-167:Colors,29-81:DEFAULT_COLORS_256,field,attempted,success,,2026-06-18T19:25:08.083649
jansi.src.main.org.fusesource.jansi.io.Colors,23-167:Colors,157-157:epsilon,field,attempted,success,,2026-06-18T19:25:08.114014
jansi.src.main.org.fusesource.jansi.io.Colors,23-167:Colors,158-158:kappa,field,attempted,success,,2026-06-18T19:25:08.147184
jansi.src.main.org.fusesource.jansi.io.Colors,23-167:Colors,84-90:roundColor,method,attempted,error,Compilation failed: error: mismatched types,2026-06-18T19:26:39.079235
jansi.src.main.org.fusesource.jansi.io.Colors,23-167:Colors,92-94:roundRgbColor,method,completed,success,Compilation successful,2026-06-18T19:27:02.085309
jansi.src.main.org.fusesource.jansi.io.Colors,23-167:Colors,96-107:roundColor,method,attempted,error,Compilation failed: error: mismatched types,2026-06-18T19:27:45.542075
jansi.src.main.org.fusesource.jansi.io.Colors,23-167:Colors,109-111:cie76,method,completed,success,Compilation successful,2026-06-18T19:27:54.759549
jansi.src.main.org.fusesource.jansi.io.Colors,23-167:Colors,113-115:scalar,method,completed,success,Compilation successful,2026-06-18T19:28:04.748764
jansi.src.main.org.fusesource.jansi.io.Colors,23-167:Colors,117-122:rgb,method,completed,success,Compilation successful,2026-06-18T19:28:24.726464
jansi.src.main.org.fusesource.jansi.io.Colors,23-167:Colors,124-126:rgb2cielab,method,completed,success,Compilation successful,2026-06-18T19:28:33.368517
jansi.src.main.org.fusesource.jansi.io.Colors,23-167:Colors,128-130:rgb2cielab,method,completed,success,Compilation successful,2026-06-18T19:28:41.870067
jansi.src.main.org.fusesource.jansi.io.Colors,23-167:Colors,132-141:rgb2xyz,method,completed,success,Compilation successful,2026-06-18T19:28:54.179925
jansi.src.main.org.fusesource.jansi.io.Colors,23-167:Colors,143-145:pivotRgb,method,attempted,error,Compilation failed: error: undeclared identifier 'pow',2026-06-18T19:29:31.547527
jansi.src.main.org.fusesource.jansi.io.Colors,23-167:Colors,147-155:xyz2lab,method,completed,success,Compilation successful,2026-06-18T19:29:40.568619
jansi.src.main.org.fusesource.jansi.io.Colors,23-167:Colors,160-162:pivotXyz,method,attempted,error,Compilation failed: error: undeclared identifier 'cbrt',2026-06-18T19:30:19.572680
jansi.src.main.org.fusesource.jansi.io.Colors,23-167:Colors,164-166:sqr,method,completed,success,Compilation successful,2026-06-18T19:30:27.893092
jansi.src.main.org.fusesource.jansi.io.ColorsAnsiProcessor,28-145:ColorsAnsiProcessor,30-30:colors,field,attempted,success,,2026-06-18T19:53:22.611505
jansi.src.main.org.fusesource.jansi.io.ColorsAnsiProcessor,28-145:ColorsAnsiProcessor,32-35:ColorsAnsiProcessor,method,attempted,error,Compilation failed: error: call to 'super' must be first expression in constructor of class 'ColorsAnsiProcessor',2026-06-18T19:53:59.464975
jansi.src.main.org.fusesource.jansi.io.ColorsAnsiProcessor,28-145:ColorsAnsiProcessor,37-134:processEscapeCommand,method,attempted,error,Compilation failed: --- cjc stderr ---,2026-06-18T19:54:39.465385
jansi.src.main.org.fusesource.jansi.io.ColorsAnsiProcessor,28-145:ColorsAnsiProcessor,136-139:processOperatingSystemCommand,method,attempted,error,Compilation failed: --- cjc stderr ---,2026-06-18T19:54:50.334093
jansi.src.main.org.fusesource.jansi.io.ColorsAnsiProcessor,28-145:ColorsAnsiProcessor,141-144:processCharsetSelect,method,attempted,error,Compilation failed: --- cjc stderr ---,2026-06-18T19:54:58.715578
